patientContext,fhirUser,operation,resourceType,id,vid,fhirServiceBaseUrl,patient/Patient.read,patient/Patient.write,patient/MedicationRequest.read,patient/MedicationRequest.write,patient/Binary.read,patient/Binary.write,user/Patient.read,user/Patient.write,user/MedicationRequest.read,user/MedicationRequest.write,user/Binary.read,user/Binary.write,system/Patient.read,system/Patient.write,system/MedicationRequest.read,system/MedicationRequest.write,system/Binary.read,system/Binary.write
patientIdentity,practitionerFhirUser,create,Patient,fake-patient-id-12345,0,matchUrl,patient/Patient.read,patient/Patient.write,patient/MedicationRequest.read,patient/MedicationRequest.write,patient/Binary.read,patient/Binary.write,user/Patient.read,user/Patient.write,user/MedicationRequest.read,user/MedicationRequest.write,user/Binary.read,user/Binary.write,system/Patient.read,system/Patient.write,system/MedicationRequest.read,system/MedicationRequest.write,system/Binary.read,system/Binary.write
N/A,patientFhirUser,create,Patient,fake-medication-id-12345,1,nonMatchUrl,N/A,N/A,N/A,N/A,N/A,N/A,N/A,N/A,N/A,N/A,N/A,N/A,N/A,N/A,N/A,N/A,N/A,N/A
patientIdentity,N/A,create,Patient,fake-medication-id-no-access-12345,1,N/A,patient/Patient.read,N/A,patient/MedicationRequest.read,N/A,patient/Binary.read,N/A,user/Patient.read,N/A,user/MedicationRequest.read,N/A,user/Binary.read,N/A,system/Patient.read,N/A,system/MedicationRequest.read,N/A,system/Binary.read,N/A
N/A,practitionerFhirUser,create,MedicationRequest,fake-medication-id-12345,0,N/A,N/A,patient/Patient.write,N/A,patient/MedicationRequest.write,N/A,patient/Binary.write,N/A,user/Patient.write,N/A,user/MedicationRequest.write,N/A,user/Binary.write,N/A,system/Patient.write,N/A,system/MedicationRequest.write,N/A,system/Binary.write
patientIdentity,patientFhirUser,create,MedicationRequest,fake-medication-id-no-access-12345,1,matchUrl,N/A,patient/Patient.write,patient/MedicationRequest.read,N/A,N/A,patient/Binary.write,user/Patient.read,N/A,N/A,user/MedicationRequest.write,user/Binary.read,N/A,N/A,system/Patient.write,system/MedicationRequest.read,N/A,N/A,system/Binary.write
N/A,N/A,create,MedicationRequest,fake-patient-id-12345,0,nonMatchUrl,patient/Patient.read,N/A,N/A,patient/MedicationRequest.write,patient/Binary.read,N/A,N/A,user/Patient.write,user/MedicationRequest.read,N/A,N/A,user/Binary.write,system/Patient.read,N/A,N/A,system/MedicationRequest.write,system/Binary.read,N/A
patientIdentity,practitionerFhirUser,create,Binary,fake-medication-id-no-access-12345,1,nonMatchUrl,N/A,N/A,N/A,patient/MedicationRequest.write,patient/Binary.read,patient/Binary.write,user/Patient.read,user/Patient.write,N/A,N/A,N/A,N/A,system/Patient.read,system/Patient.write,system/MedicationRequest.read,system/MedicationRequest.write,N/A,N/A
N/A,patientFhirUser,create,Binary,fake-patient-id-12345,0,N/A,patient/Patient.read,patient/Patient.write,patient/MedicationRequest.read,N/A,N/A,N/A,N/A,N/A,user/MedicationRequest.read,user/MedicationRequest.write,user/Binary.read,user/Binary.write,N/A,N/A,N/A,N/A,system/Binary.read,system/Binary.write
patientIdentity,N/A,create,Binary,fake-medication-id-12345,0,matchUrl,N/A,N/A,patient/MedicationRequest.read,N/A,patient/Binary.read,patient/Binary.write,N/A,user/Patient.write,user/MedicationRequest.read,user/MedicationRequest.write,N/A,N/A,N/A,N/A,system/MedicationRequest.read,system/MedicationRequest.write,N/A,system/Binary.write
N/A,practitionerFhirUser,create,Invalid,fake-medication-id-no-access-12345,1,N/A,patient/Patient.read,patient/Patient.write,N/A,N/A,patient/Binary.read,N/A,N/A,user/Patient.write,N/A,user/MedicationRequest.write,user/Binary.read,user/Binary.write,system/Patient.read,system/Patient.write,system/MedicationRequest.read,N/A,N/A,N/A
N/A,patientFhirUser,create,Invalid,fake-patient-id-12345,1,matchUrl,N/A,N/A,patient/MedicationRequest.read,patient/MedicationRequest.write,N/A,N/A,user/Patient.read,user/Patient.write,user/MedicationRequest.read,N/A,N/A,user/Binary.write,system/Patient.read,system/Patient.write,N/A,N/A,system/Binary.read,system/Binary.write
patientIdentity,N/A,create,Invalid,fake-medication-id-12345,0,nonMatchUrl,patient/Patient.read,patient/Patient.write,patient/MedicationRequest.read,patient/MedicationRequest.write,N/A,patient/Binary.write,user/Patient.read,N/A,N/A,N/A,user/Binary.read,N/A,N/A,N/A,N/A,system/MedicationRequest.write,system/Binary.read,N/A
N/A,practitionerFhirUser,create,N/A,fake-medication-id-no-access-12345,0,matchUrl,N/A,N/A,N/A,N/A,N/A,N/A,user/Patient.read,N/A,user/MedicationRequest.read,user/MedicationRequest.write,user/Binary.read,N/A,system/Patient.read,N/A,N/A,system/MedicationRequest.write,system/Binary.read,N/A
patientIdentity,patientFhirUser,create,N/A,fake-patient-id-12345,1,nonMatchUrl,patient/Patient.read,patient/Patient.write,N/A,patient/MedicationRequest.write,patient/Binary.read,patient/Binary.write,N/A,N/A,N/A,user/MedicationRequest.write,N/A,user/Binary.write,N/A,system/Patient.write,system/MedicationRequest.read,N/A,system/Binary.read,system/Binary.write
N/A,N/A,create,N/A,fake-medication-id-12345,1,N/A,N/A,patient/Patient.write,patient/MedicationRequest.read,patient/MedicationRequest.write,patient/Binary.read,N/A,user/Patient.read,user/Patient.write,N/A,N/A,user/Binary.read,user/Binary.write,system/Patient.read,system/Patient.write,system/MedicationRequest.read,system/MedicationRequest.write,N/A,system/Binary.write
N/A,practitionerFhirUser,read,Patient,fake-medication-id-no-access-12345,0,nonMatchUrl,patient/Patient.read,patient/Patient.write,patient/MedicationRequest.read,N/A,N/A,patient/Binary.write,N/A,user/Patient.write,user/MedicationRequest.read,N/A,N/A,user/Binary.write,N/A,N/A,system/MedicationRequest.read,N/A,N/A,system/Binary.write
patientIdentity,patientFhirUser,read,Patient,fake-patient-id-12345,1,N/A,N/A,N/A,N/A,patient/MedicationRequest.write,N/A,patient/Binary.write,user/Patient.read,N/A,N/A,user/MedicationRequest.write,user/Binary.read,N/A,system/Patient.read,N/A,N/A,system/MedicationRequest.write,N/A,N/A
N/A,N/A,read,Patient,fake-medication-id-12345,1,matchUrl,patient/Patient.read,patient/Patient.write,N/A,N/A,patient/Binary.read,N/A,N/A,N/A,N/A,user/MedicationRequest.write,N/A,user/Binary.write,system/Patient.read,system/Patient.write,N/A,N/A,system/Binary.read,N/A
patientIdentity,practitionerFhirUser,read,MedicationRequest,fake-patient-id-12345,0,matchUrl,N/A,N/A,patient/MedicationRequest.read,N/A,patient/Binary.read,N/A,N/A,N/A,N/A,N/A,user/Binary.read,N/A,N/A,system/Patient.write,system/MedicationRequest.read,system/MedicationRequest.write,system/Binary.read,N/A
patientIdentity,patientFhirUser,read,MedicationRequest,fake-medication-id-12345,0,nonMatchUrl,patient/Patient.read,N/A,N/A,patient/MedicationRequest.write,patient/Binary.read,N/A,user/Patient.read,user/Patient.write,user/MedicationRequest.read,user/MedicationRequest.write,user/Binary.read,N/A,system/Patient.read,system/Patient.write,system/MedicationRequest.read,N/A,N/A,system/Binary.write
N/A,N/A,read,MedicationRequest,fake-medication-id-no-access-12345,0,N/A,N/A,N/A,patient/MedicationRequest.read,patient/MedicationRequest.write,N/A,patient/Binary.write,N/A,N/A,user/MedicationRequest.read,N/A,N/A,user/Binary.write,system/Patient.read,system/Patient.write,N/A,N/A,system/Binary.read,system/Binary.write
patientIdentity,practitionerFhirUser,read,Binary,fake-medication-id-12345,1,N/A,patient/Patient.read,patient/Patient.write,patient/MedicationRequest.read,patient/MedicationRequest.write,N/A,N/A,user/Patient.read,N/A,user/MedicationRequest.read,N/A,N/A,N/A,N/A,N/A,N/A,N/A,system/Binary.read,N/A
N/A,patientFhirUser,read,Binary,fake-medication-id-no-access-12345,0,matchUrl,patient/Patient.read,N/A,N/A,patient/MedicationRequest.write,patient/Binary.read,patient/Binary.write,N/A,user/Patient.write,N/A,N/A,user/Binary.read,user/Binary.write,N/A,N/A,N/A,system/MedicationRequest.write,N/A,N/A
patientIdentity,N/A,read,Binary,fake-patient-id-12345,1,nonMatchUrl,N/A,patient/Patient.write,patient/MedicationRequest.read,N/A,N/A,N/A,user/Patient.read,user/Patient.write,N/A,user/MedicationRequest.write,user/Binary.read,user/Binary.write,system/Patient.read,system/Patient.write,system/MedicationRequest.read,system/MedicationRequest.write,system/Binary.read,N/A
patientIdentity,practitionerFhirUser,read,Invalid,fake-medication-id-12345,1,matchUrl,N/A,N/A,N/A,N/A,patient/Binary.read,patient/Binary.write,user/Patient.read,N/A,user/MedicationRequest.read,user/MedicationRequest.write,N/A,user/Binary.write,N/A,N/A,system/MedicationRequest.read,system/MedicationRequest.write,N/A,system/Binary.write
patientIdentity,patientFhirUser,read,Invalid,fake-medication-id-no-access-12345,0,nonMatchUrl,N/A,patient/Patient.write,patient/MedicationRequest.read,N/A,patient/Binary.read,N/A,N/A,user/Patient.write,user/MedicationRequest.read,N/A,N/A,N/A,system/Patient.read,N/A,N/A,system/MedicationRequest.write,system/Binary.read,system/Binary.write
N/A,N/A,read,Invalid,fake-patient-id-12345,0,N/A,patient/Patient.read,N/A,N/A,N/A,N/A,patient/Binary.write,user/Patient.read,user/Patient.write,user/MedicationRequest.read,user/MedicationRequest.write,N/A,N/A,N/A,system/Patient.write,system/MedicationRequest.read,N/A,N/A,N/A
patientIdentity,practitionerFhirUser,read,N/A,fake-medication-id-12345,0,nonMatchUrl,patient/Patient.read,N/A,patient/MedicationRequest.read,N/A,N/A,patient/Binary.write,N/A,user/Patient.write,user/MedicationRequest.read,N/A,user/Binary.read,N/A,N/A,N/A,N/A,N/A,N/A,N/A
N/A,patientFhirUser,read,N/A,fake-medication-id-no-access-12345,1,N/A,patient/Patient.read,N/A,N/A,patient/MedicationRequest.write,patient/Binary.read,patient/Binary.write,user/Patient.read,user/Patient.write,user/MedicationRequest.read,user/MedicationRequest.write,N/A,N/A,N/A,N/A,system/MedicationRequest.read,system/MedicationRequest.write,system/Binary.read,system/Binary.write
patientIdentity,N/A,read,N/A,fake-patient-id-12345,0,matchUrl,N/A,patient/Patient.write,N/A,N/A,N/A,N/A,N/A,N/A,N/A,N/A,N/A,user/Binary.write,system/Patient.read,N/A,N/A,N/A,N/A,system/Binary.write
N/A,practitionerFhirUser,vread,Patient,fake-medication-id-12345,0,N/A,N/A,N/A,patient/MedicationRequest.read,patient/MedicationRequest.write,patient/Binary.read,N/A,user/Patient.read,user/Patient.write,N/A,N/A,N/A,N/A,N/A,system/Patient.write,N/A,system/MedicationRequest.write,system/Binary.read,system/Binary.write
patientIdentity,patientFhirUser,vread,Patient,fake-medication-id-no-access-12345,1,matchUrl,patient/Patient.read,patient/Patient.write,N/A,patient/MedicationRequest.write,N/A,patient/Binary.write,N/A,N/A,user/MedicationRequest.read,user/MedicationRequest.write,user/Binary.read,N/A,system/Patient.read,N/A,system/MedicationRequest.read,N/A,N/A,N/A
N/A,N/A,vread,Patient,fake-patient-id-12345,0,nonMatchUrl,patient/Patient.read,patient/Patient.write,N/A,N/A,patient/Binary.read,N/A,user/Patient.read,N/A,user/MedicationRequest.read,user/MedicationRequest.write,user/Binary.read,user/Binary.write,N/A,system/Patient.write,N/A,system/MedicationRequest.write,N/A,system/Binary.write
patientIdentity,practitionerFhirUser,vread,MedicationRequest,fake-medication-id-no-access-12345,1,nonMatchUrl,N/A,N/A,patient/MedicationRequest.read,N/A,N/A,N/A,N/A,user/Patient.write,user/MedicationRequest.read,N/A,N/A,user/Binary.write,system/Patient.read,N/A,system/MedicationRequest.read,N/A,system/Binary.read,N/A
N/A,patientFhirUser,vread,MedicationRequest,fake-patient-id-12345,1,N/A,patient/Patient.read,patient/Patient.write,patient/MedicationRequest.read,N/A,patient/Binary.read,patient/Binary.write,user/Patient.read,user/Patient.write,N/A,N/A,user/Binary.read,N/A,system/Patient.read,N/A,N/A,system/MedicationRequest.write,N/A,N/A
patientIdentity,N/A,vread,MedicationRequest,fake-medication-id-12345,1,matchUrl,N/A,patient/Patient.write,N/A,patient/MedicationRequest.write,N/A,patient/Binary.write,user/Patient.read,N/A,N/A,user/MedicationRequest.write,N/A,user/Binary.write,N/A,N/A,system/MedicationRequest.read,N/A,system/Binary.read,system/Binary.write
N/A,practitionerFhirUser,vread,Binary,fake-patient-id-12345,1,matchUrl,N/A,N/A,N/A,N/A,N/A,N/A,N/A,N/A,N/A,N/A,user/Binary.read,N/A,system/Patient.read,system/Patient.write,N/A,N/A,N/A,system/Binary.write
patientIdentity,patientFhirUser,vread,Binary,fake-medication-id-12345,0,nonMatchUrl,patient/Patient.read,patient/Patient.write,patient/MedicationRequest.read,patient/MedicationRequest.write,patient/Binary.read,patient/Binary.write,N/A,N/A,user/MedicationRequest.read,user/MedicationRequest.write,N/A,user/Binary.write,system/Patient.read,system/Patient.write,system/MedicationRequest.read,system/MedicationRequest.write,system/Binary.read,N/A
N/A,N/A,vread,Binary,fake-medication-id-no-access-12345,0,N/A,N/A,N/A,N/A,N/A,N/A,patient/Binary.write,user/Patient.read,user/Patient.write,N/A,user/MedicationRequest.write,N/A,user/Binary.write,N/A,system/Patient.write,system/MedicationRequest.read,N/A,system/Binary.read,system/Binary.write
patientIdentity,practitionerFhirUser,vread,Invalid,fake-patient-id-12345,1,nonMatchUrl,patient/Patient.read,patient/Patient.write,patient/MedicationRequest.read,patient/MedicationRequest.write,patient/Binary.read,patient/Binary.write,N/A,N/A,N/A,user/MedicationRequest.write,N/A,N/A,system/Patient.read,N/A,system/MedicationRequest.read,N/A,N/A,system/Binary.write
N/A,patientFhirUser,vread,Invalid,fake-medication-id-12345,0,N/A,N/A,N/A,N/A,N/A,N/A,N/A,N/A,N/A,user/MedicationRequest.read,N/A,user/Binary.read,user/Binary.write,N/A,system/Patient.write,system/MedicationRequest.read,system/MedicationRequest.write,system/Binary.read,N/A
N/A,N/A,vread,Invalid,fake-medication-id-no-access-12345,0,matchUrl,patient/Patient.read,patient/Patient.write,patient/MedicationRequest.read,patient/MedicationRequest.write,patient/Binary.read,N/A,N/A,user/Patient.write,N/A,N/A,user/Binary.read,N/A,system/Patient.read,N/A,N/A,system/MedicationRequest.write,N/A,system/Binary.write
patientIdentity,practitionerFhirUser,vread,N/A,fake-patient-id-12345,0,N/A,N/A,N/A,patient/MedicationRequest.read,patient/MedicationRequest.write,N/A,patient/Binary.write,user/Patient.read,N/A,N/A,user/MedicationRequest.write,N/A,user/Binary.write,N/A,system/Patient.write,N/A,N/A,system/Binary.read,N/A
N/A,patientFhirUser,vread,N/A,fake-medication-id-12345,1,matchUrl,patient/Patient.read,patient/Patient.write,N/A,N/A,patient/Binary.read,N/A,N/A,user/Patient.write,user/MedicationRequest.read,N/A,user/Binary.read,N/A,system/Patient.read,system/Patient.write,system/MedicationRequest.read,system/MedicationRequest.write,N/A,N/A
patientIdentity,N/A,vread,N/A,fake-medication-id-no-access-12345,0,nonMatchUrl,N/A,N/A,patient/MedicationRequest.read,patient/MedicationRequest.write,patient/Binary.read,patient/Binary.write,user/Patient.read,N/A,N/A,user/MedicationRequest.write,user/Binary.read,N/A,system/Patient.read,N/A,system/MedicationRequest.read,N/A,N/A,N/A
N/A,practitionerFhirUser,update,Patient,fake-patient-id-12345,1,N/A,patient/Patient.read,patient/Patient.write,N/A,patient/MedicationRequest.write,N/A,N/A,N/A,user/Patient.write,user/MedicationRequest.read,N/A,N/A,user/Binary.write,N/A,system/Patient.write,N/A,system/MedicationRequest.write,system/Binary.read,N/A
patientIdentity,patientFhirUser,update,Patient,fake-medication-id-12345,0,matchUrl,N/A,N/A,patient/MedicationRequest.read,N/A,patient/Binary.read,patient/Binary.write,user/Patient.read,N/A,user/MedicationRequest.read,user/MedicationRequest.write,user/Binary.read,user/Binary.write,system/Patient.read,N/A,system/MedicationRequest.read,N/A,N/A,system/Binary.write
patientIdentity,N/A,update,Patient,fake-medication-id-no-access-12345,1,nonMatchUrl,N/A,patient/Patient.write,N/A,patient/MedicationRequest.write,patient/Binary.read,patient/Binary.write,N/A,user/Patient.write,N/A,user/MedicationRequest.write,N/A,N/A,system/Patient.read,system/Patient.write,system/MedicationRequest.read,system/MedicationRequest.write,N/A,system/Binary.write
N/A,practitionerFhirUser,update,MedicationRequest,fake-medication-id-12345,0,nonMatchUrl,patient/Patient.read,N/A,patient/MedicationRequest.read,N/A,N/A,N/A,user/Patient.read,N/A,N/A,N/A,user/Binary.read,N/A,N/A,N/A,N/A,N/A,system/Binary.read,N/A
patientIdentity,patientFhirUser,update,MedicationRequest,fake-medication-id-no-access-12345,1,N/A,patient/Patient.read,N/A,N/A,N/A,patient/Binary.read,N/A,N/A,user/Patient.write,user/MedicationRequest.read,user/MedicationRequest.write,user/Binary.read,user/Binary.write,N/A,N/A,N/A,system/MedicationRequest.write,N/A,system/Binary.write
N/A,N/A,update,MedicationRequest,fake-patient-id-12345,0,matchUrl,N/A,patient/Patient.write,patient/MedicationRequest.read,patient/MedicationRequest.write,N/A,patient/Binary.write,user/Patient.read,user/Patient.write,user/MedicationRequest.read,N/A,N/A,N/A,system/Patient.read,system/Patient.write,system/MedicationRequest.read,N/A,system/Binary.read,N/A
patientIdentity,practitionerFhirUser,update,Binary,fake-medication-id-no-access-12345,0,matchUrl,patient/Patient.read,patient/Patient.write,N/A,N/A,N/A,N/A,user/Patient.read,N/A,user/MedicationRequest.read,user/MedicationRequest.write,N/A,user/Binary.write,system/Patient.read,N/A,system/MedicationRequest.read,system/MedicationRequest.write,system/Binary.read,system/Binary.write
N/A,patientFhirUser,update,Binary,fake-patient-id-12345,1,nonMatchUrl,N/A,N/A,patient/MedicationRequest.read,patient/MedicationRequest.write,patient/Binary.read,patient/Binary.write,N/A,N/A,N/A,N/A,user/Binary.read,N/A,N/A,system/Patient.write,N/A,N/A,N/A,system/Binary.write
N/A,N/A,update,Binary,fake-medication-id-12345,0,N/A,patient/Patient.read,patient/Patient.write,N/A,patient/MedicationRequest.write,patient/Binary.read,N/A,N/A,N/A,N/A,user/MedicationRequest.write,user/Binary.read,user/Binary.write,system/Patient.read,N/A,N/A,system/MedicationRequest.write,N/A,N/A
N/A,practitionerFhirUser,update,Invalid,fake-medication-id-no-access-12345,1,matchUrl,N/A,N/A,patient/MedicationRequest.read,N/A,N/A,patient/Binary.write,user/Patient.read,N/A,N/A,N/A,N/A,N/A,N/A,system/Patient.write,N/A,N/A,N/A,N/A
patientIdentity,patientFhirUser,update,Invalid,fake-patient-id-12345,0,nonMatchUrl,patient/Patient.read,patient/Patient.write,N/A,patient/MedicationRequest.write,patient/Binary.read,patient/Binary.write,N/A,user/Patient.write,user/MedicationRequest.read,user/MedicationRequest.write,user/Binary.read,user/Binary.write,system/Patient.read,N/A,N/A,system/MedicationRequest.write,system/Binary.read,N/A
patientIdentity,N/A,update,Invalid,fake-medication-id-12345,1,N/A,N/A,N/A,patient/MedicationRequest.read,N/A,patient/Binary.read,N/A,user/Patient.read,user/Patient.write,N/A,N/A,N/A,N/A,N/A,system/Patient.write,system/MedicationRequest.read,N/A,N/A,system/Binary.write
N/A,practitionerFhirUser,update,N/A,fake-medication-id-no-access-12345,1,matchUrl,patient/Patient.read,patient/Patient.write,patient/MedicationRequest.read,patient/MedicationRequest.write,patient/Binary.read,patient/Binary.write,N/A,N/A,N/A,N/A,user/Binary.read,user/Binary.write,N/A,system/Patient.write,N/A,system/MedicationRequest.write,system/Binary.read,system/Binary.write
N/A,patientFhirUser,update,N/A,fake-patient-id-12345,0,nonMatchUrl,N/A,N/A,N/A,N/A,N/A,N/A,user/Patient.read,user/Patient.write,user/MedicationRequest.read,user/MedicationRequest.write,N/A,N/A,system/Patient.read,N/A,system/MedicationRequest.read,N/A,N/A,N/A
patientIdentity,N/A,update,N/A,fake-medication-id-12345,0,N/A,patient/Patient.read,patient/Patient.write,patient/MedicationRequest.read,N/A,N/A,patient/Binary.write,N/A,N/A,user/MedicationRequest.read,user/MedicationRequest.write,N/A,user/Binary.write,N/A,N/A,N/A,system/MedicationRequest.write,system/Binary.read,system/Binary.write
N/A,practitionerFhirUser,delete,Patient,fake-medication-id-no-access-12345,1,matchUrl,N/A,patient/Patient.write,patient/MedicationRequest.read,patient/MedicationRequest.write,patient/Binary.read,N/A,user/Patient.read,N/A,N/A,N/A,user/Binary.read,N/A,N/A,system/Patient.write,N/A,N/A,N/A,system/Binary.write
patientIdentity,patientFhirUser,delete,Patient,fake-patient-id-12345,0,nonMatchUrl,patient/Patient.read,N/A,N/A,N/A,N/A,patient/Binary.write,N/A,user/Patient.write,user/MedicationRequest.read,user/MedicationRequest.write,N/A,user/Binary.write,system/Patient.read,N/A,system/MedicationRequest.read,system/MedicationRequest.write,system/Binary.read,N/A
N/A,N/A,delete,Patient,fake-medication-id-12345,0,N/A,N/A,N/A,patient/MedicationRequest.read,N/A,N/A,N/A,user/Patient.read,user/Patient.write,N/A,user/MedicationRequest.write,user/Binary.read,user/Binary.write,system/Patient.read,system/Patient.write,N/A,system/MedicationRequest.write,N/A,N/A
patientIdentity,practitionerFhirUser,delete,MedicationRequest,fake-patient-id-12345,1,N/A,patient/Patient.read,patient/Patient.write,N/A,patient/MedicationRequest.write,patient/Binary.read,patient/Binary.write,N/A,N/A,user/MedicationRequest.read,N/A,N/A,N/A,N/A,N/A,system/MedicationRequest.read,N/A,system/Binary.read,system/Binary.write
N/A,patientFhirUser,delete,MedicationRequest,fake-medication-id-12345,0,matchUrl,patient/Patient.read,patient/Patient.write,patient/MedicationRequest.read,N/A,patient/Binary.read,N/A,N/A,user/Patient.write,user/MedicationRequest.read,N/A,N/A,user/Binary.write,N/A,system/Patient.write,N/A,system/MedicationRequest.write,system/Binary.read,system/Binary.write
patientIdentity,N/A,delete,MedicationRequest,fake-medication-id-no-access-12345,1,nonMatchUrl,N/A,N/A,N/A,patient/MedicationRequest.write,N/A,patient/Binary.write,user/Patient.read,N/A,N/A,user/MedicationRequest.write,user/Binary.read,N/A,system/Patient.read,N/A,system/MedicationRequest.read,N/A,N/A,N/A
N/A,practitionerFhirUser,delete,Binary,fake-medication-id-12345,0,nonMatchUrl,patient/Patient.read,patient/Patient.write,N/A,patient/MedicationRequest.write,N/A,N/A,user/Patient.read,user/Patient.write,user/MedicationRequest.read,N/A,user/Binary.read,N/A,system/Patient.read,N/A,N/A,system/MedicationRequest.write,system/Binary.read,system/Binary.write
patientIdentity,patientFhirUser,delete,Binary,fake-medication-id-no-access-12345,1,N/A,N/A,N/A,patient/MedicationRequest.read,N/A,patient/Binary.read,patient/Binary.write,N/A,N/A,N/A,user/MedicationRequest.write,N/A,user/Binary.write,N/A,system/Patient.write,system/MedicationRequest.read,N/A,N/A,N/A
N/A,N/A,delete,Binary,fake-patient-id-12345,0,matchUrl,patient/Patient.read,patient/Patient.write,N/A,patient/MedicationRequest.write,N/A,patient/Binary.write,user/Patient.read,N/A,N/A,N/A,N/A,N/A,N/A,system/Patient.write,N/A,system/MedicationRequest.write,system/Binary.read,N/A
patientIdentity,practitionerFhirUser,delete,Invalid,fake-medication-id-12345,0,nonMatchUrl,N/A,N/A,patient/MedicationRequest.read,N/A,patient/Binary.read,N/A,N/A,N/A,user/MedicationRequest.read,user/MedicationRequest.write,user/Binary.read,N/A,system/Patient.read,system/Patient.write,system/MedicationRequest.read,N/A,system/Binary.read,system/Binary.write
N/A,patientFhirUser,delete,Invalid,fake-medication-id-no-access-12345,1,N/A,patient/Patient.read,patient/Patient.write,N/A,patient/MedicationRequest.write,N/A,patient/Binary.write,user/Patient.read,user/Patient.write,N/A,N/A,N/A,user/Binary.write,N/A,N/A,N/A,system/MedicationRequest.write,N/A,N/A
patientIdentity,N/A,delete,Invalid,fake-patient-id-12345,0,matchUrl,N/A,N/A,patient/MedicationRequest.read,patient/MedicationRequest.write,patient/Binary.read,N/A,N/A,N/A,user/MedicationRequest.read,user/MedicationRequest.write,user/Binary.read,user/Binary.write,system/Patient.read,N/A,system/MedicationRequest.read,N/A,N/A,system/Binary.write
N/A,practitionerFhirUser,delete,N/A,fake-medication-id-12345,1,nonMatchUrl,patient/Patient.read,patient/Patient.write,N/A,N/A,N/A,patient/Binary.write,user/Patient.read,N/A,N/A,user/MedicationRequest.write,N/A,user/Binary.write,N/A,system/Patient.write,system/MedicationRequest.read,system/MedicationRequest.write,system/Binary.read,N/A
patientIdentity,patientFhirUser,delete,N/A,fake-medication-id-no-access-12345,0,N/A,N/A,N/A,patient/MedicationRequest.read,patient/MedicationRequest.write,patient/Binary.read,N/A,N/A,user/Patient.write,user/MedicationRequest.read,N/A,user/Binary.read,N/A,system/Patient.read,N/A,N/A,N/A,N/A,system/Binary.write
patientIdentity,N/A,delete,N/A,fake-patient-id-12345,0,matchUrl,N/A,patient/Patient.write,patient/MedicationRequest.read,patient/MedicationRequest.write,N/A,patient/Binary.write,N/A,N/A,N/A,N/A,user/Binary.read,user/Binary.write,N/A,N/A,system/MedicationRequest.read,system/MedicationRequest.write,system/Binary.read,N/A
N/A,practitionerFhirUser,patch,Patient,fake-medication-id-12345,1,nonMatchUrl,patient/Patient.read,patient/Patient.write,N/A,N/A,N/A,patient/Binary.write,user/Patient.read,N/A,N/A,user/MedicationRequest.write,N/A,user/Binary.write,N/A,system/Patient.write,system/MedicationRequest.read,N/A,system/Binary.read,N/A
patientIdentity,patientFhirUser,patch,Patient,fake-medication-id-no-access-12345,0,N/A,N/A,N/A,patient/MedicationRequest.read,patient/MedicationRequest.write,patient/Binary.read,N/A,N/A,user/Patient.write,user/MedicationRequest.read,N/A,user/Binary.read,N/A,system/Patient.read,N/A,N/A,system/MedicationRequest.write,N/A,system/Binary.write
N/A,N/A,patch,Patient,fake-patient-id-12345,0,matchUrl,patient/Patient.read,N/A,N/A,patient/MedicationRequest.write,N/A,N/A,user/Patient.read,user/Patient.write,N/A,N/A,N/A,N/A,N/A,N/A,system/MedicationRequest.read,N/A,N/A,system/Binary.write
patientIdentity,practitionerFhirUser,patch,MedicationRequest,fake-medication-id-no-access-12345,1,matchUrl,N/A,patient/Patient.write,patient/MedicationRequest.read,N/A,patient/Binary.read,patient/Binary.write,N/A,N/A,user/MedicationRequest.read,user/MedicationRequest.write,user/Binary.read,user/Binary.write,system/Patient.read,system/Patient.write,N/A,system/MedicationRequest.write,system/Binary.read,N/A
N/A,patientFhirUser,patch,MedicationRequest,fake-patient-id-12345,0,nonMatchUrl,N/A,patient/Patient.write,N/A,patient/MedicationRequest.write,patient/Binary.read,patient/Binary.write,user/Patient.read,user/Patient.write,user/MedicationRequest.read,user/MedicationRequest.write,N/A,N/A,system/Patient.read,system/Patient.write,system/MedicationRequest.read,system/MedicationRequest.write,N/A,N/A
patientIdentity,N/A,patch,MedicationRequest,fake-medication-id-12345,1,N/A,patient/Patient.read,N/A,patient/MedicationRequest.read,N/A,N/A,N/A,N/A,N/A,N/A,N/A,user/Binary.read,user/Binary.write,N/A,N/A,N/A,N/A,system/Binary.read,system/Binary.write
N/A,practitionerFhirUser,patch,Binary,fake-patient-id-12345,0,N/A,N/A,patient/Patient.write,patient/MedicationRequest.read,N/A,N/A,N/A,user/Patient.read,user/Patient.write,user/MedicationRequest.read,user/MedicationRequest.write,user/Binary.read,user/Binary.write,N/A,N/A,system/MedicationRequest.read,system/MedicationRequest.write,N/A,N/A
patientIdentity,patientFhirUser,patch,Binary,fake-medication-id-12345,1,matchUrl,patient/Patient.read,N/A,N/A,patient/MedicationRequest.write,patient/Binary.read,patient/Binary.write,N/A,N/A,N/A,N/A,N/A,N/A,system/Patient.read,system/Patient.write,N/A,N/A,system/Binary.read,system/Binary.write
N/A,N/A,patch,Binary,fake-medication-id-no-access-12345,1,nonMatchUrl,N/A,patient/Patient.write,patient/MedicationRequest.read,patient/MedicationRequest.write,N/A,N/A,N/A,user/Patient.write,N/A,N/A,N/A,user/Binary.write,system/Patient.read,system/Patient.write,system/MedicationRequest.read,system/MedicationRequest.write,N/A,N/A
patientIdentity,practitionerFhirUser,patch,Invalid,fake-patient-id-12345,1,N/A,patient/Patient.read,N/A,N/A,patient/MedicationRequest.write,patient/Binary.read,patient/Binary.write,user/Patient.read,user/Patient.write,user/MedicationRequest.read,user/MedicationRequest.write,user/Binary.read,user/Binary.write,N/A,N/A,N/A,N/A,system/Binary.read,system/Binary.write
N/A,patientFhirUser,patch,Invalid,fake-medication-id-12345,0,matchUrl,N/A,patient/Patient.write,patient/MedicationRequest.read,N/A,N/A,N/A,N/A,N/A,N/A,N/A,N/A,N/A,system/Patient.read,system/Patient.write,system/MedicationRequest.read,system/MedicationRequest.write,N/A,N/A
patientIdentity,N/A,patch,Invalid,fake-medication-id-no-access-12345,0,nonMatchUrl,patient/Patient.read,N/A,N/A,N/A,patient/Binary.read,patient/Binary.write,user/Patient.read,user/Patient.write,user/MedicationRequest.read,user/MedicationRequest.write,user/Binary.read,user/Binary.write,N/A,N/A,N/A,N/A,N/A,system/Binary.write
N/A,practitionerFhirUser,patch,N/A,fake-patient-id-12345,1,N/A,N/A,patient/Patient.write,patient/MedicationRequest.read,patient/MedicationRequest.write,N/A,N/A,N/A,N/A,N/A,N/A,N/A,N/A,N/A,system/Patient.write,N/A,N/A,N/A,system/Binary.write
patientIdentity,patientFhirUser,patch,N/A,fake-medication-id-12345,0,matchUrl,patient/Patient.read,N/A,N/A,N/A,patient/Binary.read,patient/Binary.write,user/Patient.read,user/Patient.write,user/MedicationRequest.read,user/MedicationRequest.write,user/Binary.read,user/Binary.write,system/Patient.read,N/A,system/MedicationRequest.read,system/MedicationRequest.write,system/Binary.read,N/A
N/A,N/A,patch,N/A,fake-medication-id-no-access-12345,0,nonMatchUrl,patient/Patient.read,N/A,N/A,patient/MedicationRequest.write,N/A,patient/Binary.write,user/Patient.read,user/Patient.write,user/MedicationRequest.read,user/MedicationRequest.write,N/A,user/Binary.write,system/Patient.read,system/Patient.write,N/A,system/MedicationRequest.write,system/Binary.read,system/Binary.write
N/A,practitionerFhirUser,history-type,Patient,fake-patient-id-12345,1,N/A,N/A,patient/Patient.write,patient/MedicationRequest.read,patient/MedicationRequest.write,N/A,N/A,N/A,N/A,N/A,N/A,N/A,N/A,N/A,system/Patient.write,N/A,N/A,N/A,system/Binary.write
patientIdentity,patientFhirUser,history-type,Patient,fake-medication-id-12345,0,matchUrl,patient/Patient.read,N/A,N/A,N/A,patient/Binary.read,patient/Binary.write,user/Patient.read,user/Patient.write,user/MedicationRequest.read,user/MedicationRequest.write,user/Binary.read,user/Binary.write,system/Patient.read,N/A,system/MedicationRequest.read,system/MedicationRequest.write,system/Binary.read,N/A
N/A,N/A,history-type,Patient,fake-medication-id-no-access-12345,0,nonMatchUrl,N/A,N/A,patient/MedicationRequest.read,N/A,N/A,patient/Binary.write,N/A,user/Patient.write,N/A,user/MedicationRequest.write,N/A,user/Binary.write,N/A,N/A,N/A,system/MedicationRequest.write,N/A,N/A
patientIdentity,practitionerFhirUser,history-type,MedicationRequest,fake-medication-id-12345,1,nonMatchUrl,patient/Patient.read,patient/Patient.write,N/A,patient/MedicationRequest.write,patient/Binary.read,N/A,user/Patient.read,N/A,user/MedicationRequest.read,N/A,user/Binary.read,N/A,system/Patient.read,system/Patient.write,system/MedicationRequest.read,N/A,system/Binary.read,system/Binary.write
N/A,patientFhirUser,history-type,MedicationRequest,fake-medication-id-no-access-12345,0,N/A,patient/Patient.read,patient/Patient.write,patient/MedicationRequest.read,N/A,patient/Binary.read,N/A,N/A,user/Patient.write,user/MedicationRequest.read,N/A,N/A,user/Binary.write,system/Patient.read,system/Patient.write,N/A,system/MedicationRequest.write,system/Binary.read,system/Binary.write
patientIdentity,N/A,history-type,MedicationRequest,fake-patient-id-12345,1,matchUrl,N/A,N/A,N/A,patient/MedicationRequest.write,N/A,patient/Binary.write,user/Patient.read,N/A,N/A,user/MedicationRequest.write,user/Binary.read,N/A,N/A,N/A,system/MedicationRequest.read,N/A,N/A,N/A
N/A,practitionerFhirUser,history-type,Binary,fake-medication-id-no-access-12345,0,matchUrl,patient/Patient.read,patient/Patient.write,N/A,patient/MedicationRequest.write,N/A,patient/Binary.write,N/A,user/Patient.write,user/MedicationRequest.read,N/A,user/Binary.read,N/A,N/A,N/A,N/A,system/MedicationRequest.write,system/Binary.read,system/Binary.write
patientIdentity,patientFhirUser,history-type,Binary,fake-patient-id-12345,1,nonMatchUrl,N/A,N/A,patient/MedicationRequest.read,N/A,patient/Binary.read,N/A,user/Patient.read,N/A,N/A,user/MedicationRequest.write,N/A,user/Binary.write,system/Patient.read,system/Patient.write,system/MedicationRequest.read,N/A,N/A,N/A
N/A,N/A,history-type,Binary,fake-medication-id-12345,1,N/A,patient/Patient.read,patient/Patient.write,N/A,patient/MedicationRequest.write,N/A,patient/Binary.write,user/Patient.read,user/Patient.write,N/A,user/MedicationRequest.write,N/A,user/Binary.write,system/Patient.read,system/Patient.write,N/A,N/A,system/Binary.read,system/Binary.write
patientIdentity,practitionerFhirUser,history-type,Invalid,fake-medication-id-no-access-12345,1,matchUrl,N/A,N/A,patient/MedicationRequest.read,N/A,patient/Binary.read,N/A,N/A,user/Patient.write,user/MedicationRequest.read,N/A,user/Binary.read,N/A,N/A,N/A,system/MedicationRequest.read,N/A,N/A,N/A
N/A,patientFhirUser,history-type,Invalid,fake-patient-id-12345,0,nonMatchUrl,patient/Patient.read,patient/Patient.write,N/A,patient/MedicationRequest.write,N/A,patient/Binary.write,user/Patient.read,N/A,N/A,user/MedicationRequest.write,N/A,user/Binary.write,system/Patient.read,system/Patient.write,N/A,system/MedicationRequest.write,system/Binary.read,system/Binary.write
patientIdentity,N/A,history-type,Invalid,fake-medication-id-12345,1,N/A,N/A,N/A,patient/MedicationRequest.read,patient/MedicationRequest.write,patient/Binary.read,N/A,N/A,N/A,user/MedicationRequest.read,N/A,user/Binary.read,N/A,N/A,N/A,system/MedicationRequest.read,system/MedicationRequest.write,N/A,N/A
N/A,practitionerFhirUser,history-type,N/A,fake-medication-id-no-access-12345,1,matchUrl,patient/Patient.read,patient/Patient.write,N/A,N/A,N/A,patient/Binary.write,user/Patient.read,N/A,N/A,user/MedicationRequest.write,N/A,user/Binary.write,system/Patient.read,system/Patient.write,system/MedicationRequest.read,system/MedicationRequest.write,N/A,N/A
patientIdentity,patientFhirUser,history-type,N/A,fake-patient-id-12345,0,nonMatchUrl,N/A,N/A,patient/MedicationRequest.read,patient/MedicationRequest.write,patient/Binary.read,N/A,N/A,user/Patient.write,user/MedicationRequest.read,N/A,user/Binary.read,N/A,N/A,N/A,N/A,N/A,system/Binary.read,system/Binary.write
N/A,N/A,history-type,N/A,fake-medication-id-12345,1,N/A,patient/Patient.read,patient/Patient.write,patient/MedicationRequest.read,patient/MedicationRequest.write,N/A,patient/Binary.write,N/A,user/Patient.write,N/A,N/A,N/A,N/A,system/Patient.read,N/A,system/MedicationRequest.read,N/A,N/A,N/A
N/A,practitionerFhirUser,history-instance,Patient,fake-medication-id-no-access-12345,1,matchUrl,patient/Patient.read,patient/Patient.write,N/A,N/A,N/A,patient/Binary.write,user/Patient.read,N/A,N/A,user/MedicationRequest.write,N/A,user/Binary.write,system/Patient.read,system/Patient.write,system/MedicationRequest.read,system/MedicationRequest.write,N/A,N/A
patientIdentity,patientFhirUser,history-instance,Patient,fake-patient-id-12345,0,nonMatchUrl,N/A,N/A,patient/MedicationRequest.read,patient/MedicationRequest.write,patient/Binary.read,N/A,N/A,user/Patient.write,user/MedicationRequest.read,N/A,user/Binary.read,N/A,N/A,N/A,N/A,N/A,system/Binary.read,system/Binary.write
N/A,N/A,history-instance,Patient,fake-medication-id-12345,0,N/A,patient/Patient.read,N/A,N/A,patient/MedicationRequest.write,N/A,N/A,user/Patient.read,user/Patient.write,N/A,N/A,N/A,N/A,system/Patient.read,N/A,system/MedicationRequest.read,N/A,N/A,system/Binary.write
patientIdentity,practitionerFhirUser,history-instance,MedicationRequest,fake-patient-id-12345,1,N/A,N/A,patient/Patient.write,patient/MedicationRequest.read,N/A,patient/Binary.read,patient/Binary.write,N/A,N/A,user/MedicationRequest.read,user/MedicationRequest.write,user/Binary.read,user/Binary.write,N/A,system/Patient.write,N/A,system/MedicationRequest.write,system/Binary.read,N/A
N/A,patientFhirUser,history-instance,MedicationRequest,fake-medication-id-12345,0,matchUrl,N/A,patient/Patient.write,N/A,patient/MedicationRequest.write,patient/Binary.read,patient/Binary.write,user/Patient.read,user/Patient.write,user/MedicationRequest.read,user/MedicationRequest.write,N/A,N/A,N/A,system/Patient.write,system/MedicationRequest.read,N/A,system/Binary.read,N/A
patientIdentity,N/A,history-instance,MedicationRequest,fake-medication-id-no-access-12345,1,nonMatchUrl,patient/Patient.read,N/A,patient/MedicationRequest.read,N/A,N/A,N/A,N/A,N/A,N/A,N/A,user/Binary.read,user/Binary.write,system/Patient.read,N/A,N/A,system/MedicationRequest.write,N/A,system/Binary.write
N/A,practitionerFhirUser,history-instance,Binary,fake-medication-id-12345,0,nonMatchUrl,N/A,patient/Patient.write,patient/MedicationRequest.read,N/A,N/A,N/A,user/Patient.read,user/Patient.write,user/MedicationRequest.read,user/MedicationRequest.write,user/Binary.read,user/Binary.write,system/Patient.read,N/A,system/MedicationRequest.read,N/A,system/Binary.read,N/A
patientIdentity,patientFhirUser,history-instance,Binary,fake-medication-id-no-access-12345,1,N/A,patient/Patient.read,N/A,N/A,patient/MedicationRequest.write,patient/Binary.read,patient/Binary.write,N/A,N/A,N/A,N/A,N/A,N/A,N/A,system/Patient.write,N/A,system/MedicationRequest.write,N/A,system/Binary.write
N/A,N/A,history-instance,Binary,fake-patient-id-12345,1,matchUrl,N/A,patient/Patient.write,patient/MedicationRequest.read,N/A,N/A,N/A,N/A,N/A,N/A,N/A,N/A,user/Binary.write,N/A,system/Patient.write,system/MedicationRequest.read,system/MedicationRequest.write,system/Binary.read,N/A
patientIdentity,practitionerFhirUser,history-instance,Invalid,fake-medication-id-12345,1,nonMatchUrl,patient/Patient.read,N/A,N/A,patient/MedicationRequest.write,patient/Binary.read,patient/Binary.write,user/Patient.read,user/Patient.write,user/MedicationRequest.read,user/MedicationRequest.write,user/Binary.read,user/Binary.write,system/Patient.read,N/A,N/A,system/MedicationRequest.write,N/A,system/Binary.write
N/A,patientFhirUser,history-instance,Invalid,fake-medication-id-no-access-12345,0,N/A,N/A,patient/Patient.write,patient/MedicationRequest.read,N/A,N/A,N/A,N/A,N/A,N/A,N/A,N/A,N/A,N/A,system/Patient.write,system/MedicationRequest.read,N/A,system/Binary.read,N/A
patientIdentity,N/A,history-instance,Invalid,fake-patient-id-12345,0,matchUrl,patient/Patient.read,N/A,N/A,patient/MedicationRequest.write,patient/Binary.read,patient/Binary.write,user/Patient.read,N/A,user/MedicationRequest.read,user/MedicationRequest.write,user/Binary.read,user/Binary.write,system/Patient.read,N/A,N/A,N/A,N/A,system/Binary.write
N/A,practitionerFhirUser,history-instance,N/A,fake-medication-id-12345,1,nonMatchUrl,N/A,patient/Patient.write,patient/MedicationRequest.read,patient/MedicationRequest.write,N/A,N/A,N/A,N/A,N/A,N/A,N/A,N/A,N/A,system/Patient.write,N/A,N/A,N/A,system/Binary.write
patientIdentity,patientFhirUser,history-instance,N/A,fake-medication-id-no-access-12345,0,N/A,patient/Patient.read,N/A,N/A,N/A,patient/Binary.read,patient/Binary.write,user/Patient.read,user/Patient.write,user/MedicationRequest.read,user/MedicationRequest.write,user/Binary.read,user/Binary.write,system/Patient.read,N/A,system/MedicationRequest.read,system/MedicationRequest.write,system/Binary.read,N/A
N/A,N/A,history-instance,N/A,fake-patient-id-12345,1,matchUrl,N/A,patient/Patient.write,patient/MedicationRequest.read,N/A,N/A,N/A,N/A,user/Patient.write,N/A,N/A,user/Binary.read,N/A,system/Patient.read,system/Patient.write,N/A,system/MedicationRequest.write,N/A,system/Binary.write
N/A,practitionerFhirUser,search-type,Patient,fake-medication-id-12345,1,nonMatchUrl,N/A,patient/Patient.write,patient/MedicationRequest.read,patient/MedicationRequest.write,N/A,N/A,N/A,N/A,N/A,N/A,N/A,N/A,N/A,system/Patient.write,N/A,N/A,N/A,system/Binary.write
patientIdentity,patientFhirUser,search-type,Patient,fake-medication-id-no-access-12345,0,N/A,patient/Patient.read,N/A,N/A,N/A,patient/Binary.read,patient/Binary.write,user/Patient.read,user/Patient.write,user/MedicationRequest.read,user/MedicationRequest.write,user/Binary.read,user/Binary.write,system/Patient.read,N/A,system/MedicationRequest.read,system/MedicationRequest.write,system/Binary.read,N/A
N/A,N/A,search-type,Patient,fake-patient-id-12345,0,matchUrl,N/A,N/A,patient/MedicationRequest.read,N/A,N/A,patient/Binary.write,N/A,user/Patient.write,N/A,user/MedicationRequest.write,N/A,user/Binary.write,N/A,N/A,N/A,system/MedicationRequest.write,N/A,N/A
patientIdentity,practitionerFhirUser,search-type,MedicationRequest,fake-medication-id-no-access-12345,1,matchUrl,patient/Patient.read,patient/Patient.write,N/A,patient/MedicationRequest.write,patient/Binary.read,N/A,user/Patient.read,N/A,user/MedicationRequest.read,N/A,user/Binary.read,N/A,system/Patient.read,system/Patient.write,system/MedicationRequest.read,N/A,system/Binary.read,system/Binary.write
N/A,patientFhirUser,search-type,MedicationRequest,fake-patient-id-12345,0,nonMatchUrl,patient/Patient.read,patient/Patient.write,patient/MedicationRequest.read,N/A,patient/Binary.read,N/A,N/A,user/Patient.write,user/MedicationRequest.read,N/A,N/A,user/Binary.write,system/Patient.read,system/Patient.write,N/A,system/MedicationRequest.write,system/Binary.read,system/Binary.write
patientIdentity,N/A,search-type,MedicationRequest,fake-medication-id-12345,1,N/A,N/A,N/A,N/A,patient/MedicationRequest.write,N/A,patient/Binary.write,user/Patient.read,N/A,N/A,user/MedicationRequest.write,user/Binary.read,N/A,N/A,N/A,system/MedicationRequest.read,N/A,N/A,N/A
N/A,practitionerFhirUser,search-type,Binary,fake-patient-id-12345,0,N/A,patient/Patient.read,patient/Patient.write,N/A,patient/MedicationRequest.write,N/A,patient/Binary.write,N/A,user/Patient.write,user/MedicationRequest.read,N/A,user/Binary.read,N/A,N/A,N/A,N/A,system/MedicationRequest.write,system/Binary.read,system/Binary.write
patientIdentity,patientFhirUser,search-type,Binary,fake-medication-id-12345,1,matchUrl,N/A,N/A,patient/MedicationRequest.read,N/A,patient/Binary.read,N/A,user/Patient.read,N/A,N/A,user/MedicationRequest.write,N/A,user/Binary.write,system/Patient.read,system/Patient.write,system/MedicationRequest.read,N/A,N/A,N/A
N/A,N/A,search-type,Binary,fake-medication-id-no-access-12345,1,nonMatchUrl,patient/Patient.read,patient/Patient.write,N/A,patient/MedicationRequest.write,N/A,patient/Binary.write,user/Patient.read,N/A,N/A,user/MedicationRequest.write,N/A,user/Binary.write,system/Patient.read,system/Patient.write,N/A,N/A,system/Binary.read,system/Binary.write
patientIdentity,practitionerFhirUser,search-type,Invalid,fake-patient-id-12345,1,N/A,N/A,N/A,patient/MedicationRequest.read,N/A,patient/Binary.read,N/A,N/A,user/Patient.write,user/MedicationRequest.read,N/A,user/Binary.read,N/A,N/A,N/A,system/MedicationRequest.read,N/A,N/A,N/A
N/A,patientFhirUser,search-type,Invalid,fake-medication-id-12345,0,matchUrl,patient/Patient.read,patient/Patient.write,N/A,patient/MedicationRequest.write,N/A,patient/Binary.write,user/Patient.read,N/A,N/A,user/MedicationRequest.write,N/A,user/Binary.write,system/Patient.read,system/Patient.write,N/A,system/MedicationRequest.write,system/Binary.read,system/Binary.write
patientIdentity,N/A,search-type,Invalid,fake-medication-id-no-access-12345,1,nonMatchUrl,N/A,N/A,patient/MedicationRequest.read,patient/MedicationRequest.write,patient/Binary.read,N/A,N/A,N/A,user/MedicationRequest.read,N/A,user/Binary.read,N/A,N/A,N/A,system/MedicationRequest.read,N/A,N/A,N/A
N/A,practitionerFhirUser,search-type,N/A,fake-patient-id-12345,1,N/A,patient/Patient.read,patient/Patient.write,N/A,N/A,N/A,patient/Binary.write,user/Patient.read,N/A,N/A,user/MedicationRequest.write,N/A,user/Binary.write,system/Patient.read,system/Patient.write,system/MedicationRequest.read,system/MedicationRequest.write,N/A,N/A
patientIdentity,patientFhirUser,search-type,N/A,fake-medication-id-12345,0,matchUrl,N/A,N/A,patient/MedicationRequest.read,patient/MedicationRequest.write,patient/Binary.read,N/A,N/A,user/Patient.write,user/MedicationRequest.read,N/A,user/Binary.read,N/A,N/A,N/A,N/A,N/A,system/Binary.read,system/Binary.write
patientIdentity,N/A,search-type,N/A,fake-medication-id-no-access-12345,1,nonMatchUrl,N/A,patient/Patient.write,patient/MedicationRequest.read,patient/MedicationRequest.write,N/A,patient/Binary.write,N/A,user/Patient.write,N/A,user/MedicationRequest.write,user/Binary.read,user/Binary.write,N/A,system/Patient.write,system/MedicationRequest.read,system/MedicationRequest.write,system/Binary.read,system/Binary.write
N/A,practitionerFhirUser,transaction,Patient,fake-patient-id-12345,1,N/A,patient/Patient.read,patient/Patient.write,N/A,N/A,N/A,patient/Binary.write,user/Patient.read,N/A,N/A,user/MedicationRequest.write,N/A,user/Binary.write,system/Patient.read,system/Patient.write,system/MedicationRequest.read,system/MedicationRequest.write,N/A,N/A
patientIdentity,patientFhirUser,transaction,Patient,fake-medication-id-12345,0,matchUrl,N/A,N/A,patient/MedicationRequest.read,patient/MedicationRequest.write,patient/Binary.read,N/A,N/A,user/Patient.write,user/MedicationRequest.read,N/A,user/Binary.read,N/A,N/A,N/A,N/A,N/A,system/Binary.read,system/Binary.write
N/A,N/A,transaction,Patient,fake-medication-id-no-access-12345,0,nonMatchUrl,patient/Patient.read,N/A,N/A,patient/MedicationRequest.write,N/A,N/A,user/Patient.read,user/Patient.write,N/A,N/A,N/A,N/A,system/Patient.read,N/A,system/MedicationRequest.read,N/A,N/A,system/Binary.write
patientIdentity,practitionerFhirUser,transaction,MedicationRequest,fake-medication-id-12345,1,nonMatchUrl,N/A,patient/Patient.write,patient/MedicationRequest.read,N/A,patient/Binary.read,patient/Binary.write,N/A,N/A,user/MedicationRequest.read,user/MedicationRequest.write,user/Binary.read,user/Binary.write,N/A,system/Patient.write,N/A,system/MedicationRequest.write,system/Binary.read,N/A
N/A,patientFhirUser,transaction,MedicationRequest,fake-medication-id-no-access-12345,0,N/A,N/A,patient/Patient.write,N/A,patient/MedicationRequest.write,patient/Binary.read,patient/Binary.write,user/Patient.read,user/Patient.write,user/MedicationRequest.read,user/MedicationRequest.write,N/A,N/A,N/A,system/Patient.write,system/MedicationRequest.read,N/A,system/Binary.read,N/A
patientIdentity,N/A,transaction,MedicationRequest,fake-patient-id-12345,1,matchUrl,patient/Patient.read,N/A,patient/MedicationRequest.read,N/A,N/A,N/A,N/A,N/A,N/A,N/A,user/Binary.read,user/Binary.write,system/Patient.read,N/A,N/A,system/MedicationRequest.write,N/A,system/Binary.write
N/A,practitionerFhirUser,transaction,Binary,fake-medication-id-no-access-12345,0,matchUrl,N/A,patient/Patient.write,patient/MedicationRequest.read,N/A,N/A,N/A,user/Patient.read,user/Patient.write,user/MedicationRequest.read,user/MedicationRequest.write,user/Binary.read,user/Binary.write,system/Patient.read,N/A,system/MedicationRequest.read,N/A,system/Binary.read,N/A
patientIdentity,patientFhirUser,transaction,Binary,fake-patient-id-12345,1,nonMatchUrl,patient/Patient.read,N/A,N/A,patient/MedicationRequest.write,patient/Binary.read,patient/Binary.write,N/A,N/A,N/A,N/A,N/A,N/A,N/A,system/Patient.write,N/A,system/MedicationRequest.write,N/A,system/Binary.write
N/A,N/A,transaction,Binary,fake-medication-id-12345,1,N/A,N/A,patient/Patient.write,patient/MedicationRequest.read,patient/MedicationRequest.write,N/A,N/A,N/A,user/Patient.write,N/A,N/A,N/A,N/A,N/A,system/Patient.write,system/MedicationRequest.read,N/A,system/Binary.read,N/A
patientIdentity,practitionerFhirUser,transaction,Invalid,fake-medication-id-no-access-12345,1,matchUrl,patient/Patient.read,N/A,N/A,patient/MedicationRequest.write,patient/Binary.read,patient/Binary.write,user/Patient.read,user/Patient.write,user/MedicationRequest.read,user/MedicationRequest.write,user/Binary.read,user/Binary.write,system/Patient.read,N/A,N/A,system/MedicationRequest.write,N/A,system/Binary.write
N/A,patientFhirUser,transaction,Invalid,fake-patient-id-12345,0,nonMatchUrl,N/A,patient/Patient.write,patient/MedicationRequest.read,N/A,N/A,N/A,N/A,N/A,N/A,N/A,N/A,N/A,N/A,system/Patient.write,system/MedicationRequest.read,N/A,system/Binary.read,N/A
patientIdentity,N/A,transaction,Invalid,fake-medication-id-12345,0,N/A,patient/Patient.read,N/A,N/A,patient/MedicationRequest.write,patient/Binary.read,patient/Binary.write,user/Patient.read,N/A,user/MedicationRequest.read,user/MedicationRequest.write,user/Binary.read,N/A,system/Patient.read,N/A,N/A,system/MedicationRequest.write,N/A,system/Binary.write
N/A,practitionerFhirUser,transaction,N/A,fake-medication-id-no-access-12345,1,matchUrl,N/A,patient/Patient.write,patient/MedicationRequest.read,patient/MedicationRequest.write,N/A,N/A,N/A,N/A,N/A,N/A,N/A,N/A,N/A,system/Patient.write,N/A,N/A,N/A,system/Binary.write
patientIdentity,patientFhirUser,transaction,N/A,fake-patient-id-12345,0,nonMatchUrl,patient/Patient.read,N/A,N/A,N/A,patient/Binary.read,patient/Binary.write,user/Patient.read,user/Patient.write,user/MedicationRequest.read,user/MedicationRequest.write,user/Binary.read,user/Binary.write,system/Patient.read,N/A,system/MedicationRequest.read,system/MedicationRequest.write,system/Binary.read,N/A
N/A,N/A,transaction,N/A,fake-medication-id-12345,0,N/A,patient/Patient.read,N/A,N/A,N/A,patient/Binary.read,N/A,user/Patient.read,user/Patient.write,user/MedicationRequest.read,user/MedicationRequest.write,N/A,N/A,system/Patient.read,system/Patient.write,N/A,system/MedicationRequest.write,N/A,system/Binary.write
N/A,practitionerFhirUser,batch,Patient,fake-medication-id-no-access-12345,1,matchUrl,N/A,patient/Patient.write,patient/MedicationRequest.read,patient/MedicationRequest.write,N/A,N/A,N/A,N/A,N/A,N/A,N/A,N/A,N/A,system/Patient.write,N/A,N/A,N/A,system/Binary.write
patientIdentity,patientFhirUser,batch,Patient,fake-patient-id-12345,0,nonMatchUrl,patient/Patient.read,N/A,N/A,N/A,patient/Binary.read,patient/Binary.write,user/Patient.read,user/Patient.write,user/MedicationRequest.read,user/MedicationRequest.write,user/Binary.read,user/Binary.write,system/Patient.read,N/A,system/MedicationRequest.read,system/MedicationRequest.write,system/Binary.read,N/A
N/A,N/A,batch,Patient,fake-medication-id-12345,0,N/A,N/A,N/A,patient/MedicationRequest.read,N/A,N/A,patient/Binary.write,N/A,user/Patient.write,N/A,user/MedicationRequest.write,N/A,user/Binary.write,N/A,N/A,N/A,system/MedicationRequest.write,N/A,N/A
patientIdentity,practitionerFhirUser,batch,MedicationRequest,fake-patient-id-12345,1,N/A,patient/Patient.read,patient/Patient.write,N/A,patient/MedicationRequest.write,patient/Binary.read,N/A,user/Patient.read,N/A,user/MedicationRequest.read,N/A,user/Binary.read,N/A,system/Patient.read,system/Patient.write,system/MedicationRequest.read,N/A,system/Binary.read,system/Binary.write
N/A,patientFhirUser,batch,MedicationRequest,fake-medication-id-12345,0,matchUrl,patient/Patient.read,patient/Patient.write,patient/MedicationRequest.read,N/A,patient/Binary.read,N/A,N/A,user/Patient.write,user/MedicationRequest.read,N/A,N/A,user/Binary.write,system/Patient.read,system/Patient.write,N/A,system/MedicationRequest.write,system/Binary.read,system/Binary.write
patientIdentity,N/A,batch,MedicationRequest,fake-medication-id-no-access-12345,1,nonMatchUrl,N/A,N/A,N/A,patient/MedicationRequest.write,N/A,patient/Binary.write,user/Patient.read,N/A,N/A,user/MedicationRequest.write,user/Binary.read,N/A,N/A,N/A,system/MedicationRequest.read,N/A,N/A,N/A
N/A,practitionerFhirUser,batch,Binary,fake-medication-id-12345,0,nonMatchUrl,patient/Patient.read,patient/Patient.write,N/A,patient/MedicationRequest.write,N/A,patient/Binary.write,N/A,user/Patient.write,user/MedicationRequest.read,N/A,user/Binary.read,N/A,N/A,N/A,N/A,system/MedicationRequest.write,system/Binary.read,system/Binary.write
patientIdentity,patientFhirUser,batch,Binary,fake-medication-id-no-access-12345,1,N/A,N/A,N/A,patient/MedicationRequest.read,N/A,patient/Binary.read,N/A,user/Patient.read,N/A,N/A,user/MedicationRequest.write,N/A,user/Binary.write,system/Patient.read,system/Patient.write,system/MedicationRequest.read,N/A,N/A,N/A
N/A,N/A,batch,Binary,fake-patient-id-12345,1,matchUrl,patient/Patient.read,patient/Patient.write,N/A,patient/MedicationRequest.write,N/A,patient/Binary.write,user/Patient.read,N/A,N/A,user/MedicationRequest.write,N/A,user/Binary.write,system/Patient.read,system/Patient.write,N/A,N/A,system/Binary.read,system/Binary.write
patientIdentity,practitionerFhirUser,batch,Invalid,fake-medication-id-12345,1,nonMatchUrl,N/A,N/A,patient/MedicationRequest.read,N/A,patient/Binary.read,N/A,N/A,user/Patient.write,user/MedicationRequest.read,N/A,user/Binary.read,N/A,N/A,N/A,system/MedicationRequest.read,N/A,N/A,N/A
N/A,patientFhirUser,batch,Invalid,fake-medication-id-no-access-12345,0,N/A,patient/Patient.read,patient/Patient.write,N/A,patient/MedicationRequest.write,N/A,patient/Binary.write,user/Patient.read,N/A,N/A,user/MedicationRequest.write,N/A,user/Binary.write,system/Patient.read,system/Patient.write,N/A,system/MedicationRequest.write,system/Binary.read,system/Binary.write
patientIdentity,N/A,batch,Invalid,fake-patient-id-12345,1,matchUrl,N/A,N/A,patient/MedicationRequest.read,N/A,patient/Binary.read,N/A,N/A,user/Patient.write,user/MedicationRequest.read,N/A,user/Binary.read,N/A,N/A,N/A,system/MedicationRequest.read,N/A,N/A,N/A
N/A,practitionerFhirUser,batch,N/A,fake-medication-id-12345,1,nonMatchUrl,patient/Patient.read,patient/Patient.write,N/A,N/A,N/A,patient/Binary.write,user/Patient.read,N/A,N/A,user/MedicationRequest.write,N/A,user/Binary.write,system/Patient.read,system/Patient.write,system/MedicationRequest.read,system/MedicationRequest.write,N/A,N/A
patientIdentity,patientFhirUser,batch,N/A,fake-medication-id-no-access-12345,0,N/A,N/A,N/A,patient/MedicationRequest.read,patient/MedicationRequest.write,patient/Binary.read,N/A,N/A,user/Patient.write,user/MedicationRequest.read,N/A,user/Binary.read,N/A,N/A,N/A,N/A,N/A,system/Binary.read,system/Binary.write
N/A,N/A,batch,N/A,fake-patient-id-12345,1,matchUrl,N/A,N/A,patient/MedicationRequest.read,N/A,N/A,N/A,N/A,user/Patient.write,N/A,user/MedicationRequest.write,user/Binary.read,user/Binary.write,system/Patient.read,system/Patient.write,N/A,N/A,system/Binary.read,N/A
N/A,practitionerFhirUser,search-system,Patient,fake-medication-id-12345,1,nonMatchUrl,patient/Patient.read,patient/Patient.write,N/A,N/A,N/A,patient/Binary.write,user/Patient.read,N/A,N/A,user/MedicationRequest.write,N/A,user/Binary.write,system/Patient.read,system/Patient.write,system/MedicationRequest.read,system/MedicationRequest.write,N/A,N/A
patientIdentity,patientFhirUser,search-system,Patient,fake-medication-id-no-access-12345,0,N/A,N/A,N/A,patient/MedicationRequest.read,patient/MedicationRequest.write,patient/Binary.read,N/A,N/A,user/Patient.write,user/MedicationRequest.read,N/A,user/Binary.read,N/A,N/A,N/A,N/A,N/A,system/Binary.read,system/Binary.write
N/A,N/A,search-system,Patient,fake-patient-id-12345,0,matchUrl,patient/Patient.read,N/A,N/A,patient/MedicationRequest.write,N/A,N/A,user/Patient.read,user/Patient.write,N/A,N/A,N/A,N/A,system/Patient.read,N/A,system/MedicationRequest.read,N/A,N/A,system/Binary.write
patientIdentity,practitionerFhirUser,search-system,MedicationRequest,fake-medication-id-no-access-12345,1,matchUrl,N/A,patient/Patient.write,patient/MedicationRequest.read,N/A,patient/Binary.read,patient/Binary.write,N/A,N/A,user/MedicationRequest.read,user/MedicationRequest.write,user/Binary.read,user/Binary.write,N/A,system/Patient.write,N/A,system/MedicationRequest.write,system/Binary.read,N/A
N/A,patientFhirUser,search-system,MedicationRequest,fake-patient-id-12345,0,nonMatchUrl,N/A,patient/Patient.write,N/A,patient/MedicationRequest.write,patient/Binary.read,patient/Binary.write,user/Patient.read,user/Patient.write,user/MedicationRequest.read,user/MedicationRequest.write,N/A,N/A,N/A,system/Patient.write,system/MedicationRequest.read,N/A,system/Binary.read,N/A
patientIdentity,N/A,search-system,MedicationRequest,fake-medication-id-12345,1,N/A,patient/Patient.read,N/A,patient/MedicationRequest.read,N/A,N/A,N/A,N/A,N/A,N/A,N/A,user/Binary.read,user/Binary.write,system/Patient.read,N/A,N/A,system/MedicationRequest.write,N/A,system/Binary.write
N/A,practitionerFhirUser,search-system,Binary,fake-patient-id-12345,0,N/A,N/A,patient/Patient.write,patient/MedicationRequest.read,N/A,N/A,N/A,user/Patient.read,user/Patient.write,user/MedicationRequest.read,user/MedicationRequest.write,user/Binary.read,user/Binary.write,system/Patient.read,N/A,system/MedicationRequest.read,N/A,system/Binary.read,N/A
patientIdentity,patientFhirUser,search-system,Binary,fake-medication-id-12345,1,matchUrl,patient/Patient.read,N/A,N/A,patient/MedicationRequest.write,patient/Binary.read,patient/Binary.write,N/A,N/A,N/A,N/A,N/A,N/A,N/A,system/Patient.write,N/A,system/MedicationRequest.write,N/A,system/Binary.write
N/A,N/A,search-system,Binary,fake-medication-id-no-access-12345,0,nonMatchUrl,N/A,patient/Patient.write,patient/MedicationRequest.read,patient/MedicationRequest.write,N/A,N/A,N/A,N/A,N/A,N/A,N/A,user/Binary.write,N/A,system/Patient.write,system/MedicationRequest.read,system/MedicationRequest.write,system/Binary.read,N/A
patientIdentity,practitionerFhirUser,search-system,Invalid,fake-patient-id-12345,1,N/A,patient/Patient.read,N/A,N/A,patient/MedicationRequest.write,patient/Binary.read,patient/Binary.write,user/Patient.read,user/Patient.write,user/MedicationRequest.read,user/MedicationRequest.write,user/Binary.read,user/Binary.write,system/Patient.read,N/A,N/A,system/MedicationRequest.write,N/A,system/Binary.write
N/A,patientFhirUser,search-system,Invalid,fake-medication-id-12345,0,matchUrl,N/A,patient/Patient.write,patient/MedicationRequest.read,N/A,N/A,N/A,N/A,N/A,N/A,N/A,N/A,N/A,N/A,system/Patient.write,system/MedicationRequest.read,N/A,system/Binary.read,N/A
patientIdentity,N/A,search-system,Invalid,fake-medication-id-no-access-12345,1,nonMatchUrl,patient/Patient.read,N/A,N/A,N/A,patient/Binary.read,patient/Binary.write,user/Patient.read,user/Patient.write,user/MedicationRequest.read,user/MedicationRequest.write,user/Binary.read,user/Binary.write,system/Patient.read,N/A,N/A,system/MedicationRequest.write,N/A,system/Binary.write
N/A,practitionerFhirUser,search-system,N/A,fake-patient-id-12345,1,N/A,N/A,patient/Patient.write,patient/MedicationRequest.read,patient/MedicationRequest.write,N/A,N/A,N/A,N/A,N/A,N/A,N/A,N/A,N/A,system/Patient.write,N/A,N/A,N/A,system/Binary.write
patientIdentity,patientFhirUser,search-system,N/A,fake-medication-id-12345,0,matchUrl,patient/Patient.read,N/A,N/A,N/A,patient/Binary.read,patient/Binary.write,user/Patient.read,user/Patient.write,user/MedicationRequest.read,user/MedicationRequest.write,user/Binary.read,user/Binary.write,system/Patient.read,N/A,system/MedicationRequest.read,system/MedicationRequest.write,system/Binary.read,N/A
patientIdentity,N/A,search-system,N/A,fake-medication-id-no-access-12345,0,nonMatchUrl,N/A,patient/Patient.write,patient/MedicationRequest.read,N/A,patient/Binary.read,N/A,N/A,N/A,N/A,user/MedicationRequest.write,N/A,user/Binary.write,system/Patient.read,system/Patient.write,N/A,system/MedicationRequest.write,N/A,system/Binary.write
N/A,practitionerFhirUser,history-system,Patient,fake-patient-id-12345,1,N/A,N/A,patient/Patient.write,patient/MedicationRequest.read,patient/MedicationRequest.write,N/A,N/A,N/A,N/A,N/A,N/A,N/A,N/A,N/A,system/Patient.write,N/A,N/A,N/A,system/Binary.write
patientIdentity,patientFhirUser,history-system,Patient,fake-medication-id-12345,0,matchUrl,patient/Patient.read,N/A,N/A,N/A,patient/Binary.read,patient/Binary.write,user/Patient.read,user/Patient.write,user/MedicationRequest.read,user/MedicationRequest.write,user/Binary.read,user/Binary.write,system/Patient.read,N/A,system/MedicationRequest.read,system/MedicationRequest.write,system/Binary.read,N/A
N/A,N/A,history-system,Patient,fake-medication-id-no-access-12345,0,nonMatchUrl,N/A,N/A,patient/MedicationRequest.read,N/A,N/A,patient/Binary.write,N/A,user/Patient.write,N/A,user/MedicationRequest.write,N/A,user/Binary.write,N/A,N/A,N/A,system/MedicationRequest.write,N/A,N/A
patientIdentity,practitionerFhirUser,history-system,MedicationRequest,fake-medication-id-12345,1,nonMatchUrl,patient/Patient.read,patient/Patient.write,N/A,patient/MedicationRequest.write,patient/Binary.read,N/A,user/Patient.read,N/A,user/MedicationRequest.read,N/A,user/Binary.read,N/A,system/Patient.read,system/Patient.write,system/MedicationRequest.read,N/A,system/Binary.read,system/Binary.write
N/A,patientFhirUser,history-system,MedicationRequest,fake-medication-id-no-access-12345,0,N/A,patient/Patient.read,patient/Patient.write,patient/MedicationRequest.read,N/A,patient/Binary.read,N/A,N/A,user/Patient.write,user/MedicationRequest.read,N/A,N/A,user/Binary.write,system/Patient.read,system/Patient.write,N/A,system/MedicationRequest.write,system/Binary.read,system/Binary.write
patientIdentity,N/A,history-system,MedicationRequest,fake-patient-id-12345,1,matchUrl,N/A,N/A,N/A,patient/MedicationRequest.write,N/A,patient/Binary.write,user/Patient.read,N/A,N/A,user/MedicationRequest.write,user/Binary.read,N/A,N/A,N/A,system/MedicationRequest.read,N/A,N/A,N/A
N/A,practitionerFhirUser,history-system,Binary,fake-medication-id-no-access-12345,0,matchUrl,patient/Patient.read,patient/Patient.write,N/A,patient/MedicationRequest.write,N/A,patient/Binary.write,N/A,user/Patient.write,user/MedicationRequest.read,N/A,user/Binary.read,N/A,N/A,N/A,N/A,system/MedicationRequest.write,system/Binary.read,system/Binary.write
patientIdentity,patientFhirUser,history-system,Binary,fake-patient-id-12345,1,nonMatchUrl,N/A,N/A,patient/MedicationRequest.read,N/A,patient/Binary.read,N/A,user/Patient.read,N/A,N/A,user/MedicationRequest.write,N/A,user/Binary.write,system/Patient.read,system/Patient.write,system/MedicationRequest.read,N/A,N/A,N/A
N/A,N/A,history-system,Binary,fake-medication-id-12345,1,N/A,patient/Patient.read,patient/Patient.write,N/A,N/A,N/A,patient/Binary.write,user/Patient.read,N/A,N/A,user/MedicationRequest.write,N/A,user/Binary.write,system/Patient.read,system/Patient.write,N/A,N/A,system/Binary.read,system/Binary.write
patientIdentity,practitionerFhirUser,history-system,Invalid,fake-medication-id-no-access-12345,1,matchUrl,N/A,N/A,patient/MedicationRequest.read,N/A,patient/Binary.read,N/A,N/A,user/Patient.write,user/MedicationRequest.read,N/A,user/Binary.read,N/A,N/A,N/A,system/MedicationRequest.read,N/A,N/A,N/A
N/A,patientFhirUser,history-system,Invalid,fake-patient-id-12345,0,nonMatchUrl,patient/Patient.read,patient/Patient.write,N/A,patient/MedicationRequest.write,N/A,patient/Binary.write,user/Patient.read,N/A,N/A,user/MedicationRequest.write,N/A,user/Binary.write,system/Patient.read,system/Patient.write,N/A,system/MedicationRequest.write,system/Binary.read,system/Binary.write
patientIdentity,N/A,history-system,Invalid,fake-medication-id-12345,1,N/A,N/A,N/A,patient/MedicationRequest.read,patient/MedicationRequest.write,patient/Binary.read,N/A,N/A,user/Patient.write,user/MedicationRequest.read,N/A,user/Binary.read,N/A,N/A,N/A,system/MedicationRequest.read,system/MedicationRequest.write,N/A,N/A
N/A,practitionerFhirUser,history-system,N/A,fake-medication-id-no-access-12345,1,matchUrl,patient/Patient.read,patient/Patient.write,N/A,N/A,N/A,patient/Binary.write,user/Patient.read,N/A,N/A,user/MedicationRequest.write,N/A,user/Binary.write,system/Patient.read,system/Patient.write,system/MedicationRequest.read,system/MedicationRequest.write,N/A,N/A
patientIdentity,patientFhirUser,history-system,N/A,fake-patient-id-12345,0,nonMatchUrl,N/A,N/A,patient/MedicationRequest.read,patient/MedicationRequest.write,patient/Binary.read,N/A,N/A,user/Patient.write,user/MedicationRequest.read,N/A,user/Binary.read,N/A,N/A,N/A,N/A,N/A,system/Binary.read,system/Binary.write
patientIdentity,N/A,history-system,N/A,fake-medication-id-12345,1,N/A,N/A,N/A,patient/MedicationRequest.read,N/A,patient/Binary.read,N/A,user/Patient.read,user/Patient.write,N/A,N/A,N/A,N/A,N/A,system/Patient.write,system/MedicationRequest.read,N/A,N/A,system/Binary.write
N/A,practitionerFhirUser,read,MedicationRequest,fake-patient-id-12345,1,nonMatchUrl,patient/Patient.read,patient/Patient.write,N/A,patient/MedicationRequest.write,N/A,N/A,N/A,N/A,N/A,user/MedicationRequest.write,user/Binary.read,user/Binary.write,system/Patient.read,N/A,system/MedicationRequest.read,system/MedicationRequest.write,N/A,system/Binary.write
N/A,patientFhirUser,vread,MedicationRequest,fake-medication-id-12345,0,N/A,patient/Patient.read,N/A,patient/MedicationRequest.read,N/A,patient/Binary.read,N/A,user/Patient.read,user/Patient.write,N/A,N/A,N/A,N/A,N/A,system/Patient.write,system/MedicationRequest.read,system/MedicationRequest.write,N/A,system/Binary.write
N/A,N/A,read,Invalid,fake-patient-id-12345,0,nonMatchUrl,patient/Patient.read,N/A,patient/MedicationRequest.read,patient/MedicationRequest.write,N/A,N/A,N/A,user/Patient.write,N/A,user/MedicationRequest.write,user/Binary.read,N/A,system/Patient.read,system/Patient.write,system/MedicationRequest.read,system/MedicationRequest.write,N/A,system/Binary.write
N/A,practitionerFhirUser,vread,Invalid,fake-medication-id-no-access-12345,0,nonMatchUrl,patient/Patient.read,N/A,patient/MedicationRequest.read,patient/MedicationRequest.write,N/A,N/A,user/Patient.read,user/Patient.write,user/MedicationRequest.read,user/MedicationRequest.write,N/A,user/Binary.write,N/A,system/Patient.write,N/A,system/MedicationRequest.write,system/Binary.read,system/Binary.write
patientIdentity,N/A,update,Binary,fake-medication-id-no-access-12345,1,matchUrl,patient/Patient.read,patient/Patient.write,N/A,N/A,patient/Binary.read,patient/Binary.write,user/Patient.read,user/Patient.write,user/MedicationRequest.read,user/MedicationRequest.write,N/A,user/Binary.write,system/Patient.read,N/A,N/A,system/MedicationRequest.write,system/Binary.read,system/Binary.write
patientIdentity,patientFhirUser,create,Patient,fake-patient-id-12345,1,nonMatchUrl,N/A,patient/Patient.write,patient/MedicationRequest.read,patient/MedicationRequest.write,N/A,patient/Binary.write,N/A,N/A,user/MedicationRequest.read,user/MedicationRequest.write,user/Binary.read,N/A,system/Patient.read,system/Patient.write,N/A,system/MedicationRequest.write,N/A,system/Binary.write
patientIdentity,patientFhirUser,patch,Invalid,fake-patient-id-12345,1,nonMatchUrl,patient/Patient.read,patient/Patient.write,N/A,patient/MedicationRequest.write,N/A,N/A,N/A,user/Patient.write,user/MedicationRequest.read,N/A,N/A,user/Binary.write,N/A,system/Patient.write,system/MedicationRequest.read,system/MedicationRequest.write,system/Binary.read,N/A
N/A,patientFhirUser,read,N/A,fake-patient-id-12345,0,nonMatchUrl,N/A,patient/Patient.write,N/A,N/A,patient/Binary.read,N/A,N/A,N/A,N/A,N/A,N/A,user/Binary.write,system/Patient.read,system/Patient.write,system/MedicationRequest.read,N/A,system/Binary.read,N/A
patientIdentity,N/A,vread,Binary,fake-patient-id-12345,0,nonMatchUrl,N/A,patient/Patient.write,patient/MedicationRequest.read,patient/MedicationRequest.write,patient/Binary.read,N/A,user/Patient.read,N/A,user/MedicationRequest.read,user/MedicationRequest.write,user/Binary.read,user/Binary.write,system/Patient.read,N/A,system/MedicationRequest.read,N/A,N/A,system/Binary.write
patientIdentity,N/A,delete,Patient,fake-medication-id-no-access-12345,0,nonMatchUrl,patient/Patient.read,patient/Patient.write,patient/MedicationRequest.read,N/A,N/A,N/A,N/A,user/Patient.write,N/A,user/MedicationRequest.write,user/Binary.read,N/A,N/A,system/Patient.write,N/A,system/MedicationRequest.write,system/Binary.read,system/Binary.write
patientIdentity,patientFhirUser,read,Binary,fake-patient-id-12345,1,nonMatchUrl,patient/Patient.read,N/A,N/A,N/A,patient/Binary.read,patient/Binary.write,user/Patient.read,user/Patient.write,N/A,N/A,user/Binary.read,user/Binary.write,system/Patient.read,N/A,system/MedicationRequest.read,N/A,N/A,system/Binary.write
N/A,N/A,vread,N/A,fake-patient-id-12345,0,N/A,patient/Patient.read,patient/Patient.write,patient/MedicationRequest.read,patient/MedicationRequest.write,N/A,patient/Binary.write,N/A,user/Patient.write,N/A,user/MedicationRequest.write,N/A,N/A,N/A,system/Patient.write,system/MedicationRequest.read,N/A,N/A,system/Binary.write